text,label
"Software developer internship at a reputed company. Apply through our official careers portal. No payment required.",0
"Looking for a Python intern. Candidates will be selected after a technical interview. Apply through the company website.",0
"Paid internship with experienced mentors. Selection will be based on skills and interview performance.",0
"We are hiring a junior software developer. Submit your resume through our official company email.",0
"Remote internship opportunity. Stipend will be discussed during the interview. No registration fee.",0
"Data analyst internship for students. Candidates must complete a technical assessment.",0
"Congratulations! You are guaranteed a job. Pay ₹2000 registration fee immediately to secure your position.",1
"Earn ₹1 lakh per month with no skills required. Pay a training fee and start immediately.",1
"URGENT! Limited seats available. Pay registration fees today or you will lose this opportunity.",1
"Work from home and earn huge money. Contact only through WhatsApp. Registration payment required.",1
"100% guaranteed internship without interview. Pay ₹5000 for your training kit.",1
"Congratulations, you have been selected! Send money immediately to receive your offer letter.",1
"Get a guaranteed job at a multinational company. No experience or skills required. Pay a processing fee.",1
"WhatsApp only job opportunity. Earn ₹2 lakh monthly with zero experience. Pay a security deposit.",1
"Limited seats! Pay the training fee immediately and your job is guaranteed.",1
